country,1959,1964,1965,1966,1967,1968,1969,1970,1971,1972,1973,1974,1975,1976,1977,1978,1979,1980,1981,1982,1983,1984,1985,1986,1987,1988,1989,1990,1991,1992,1993,1994,1995,1996,1997,1998,1999,2000,2001,2002,2003,2004,2005,2006,2007,2008,2009,2010,2011,2012,2013,2014,2015,2016,2017,2018
Aruba,,,,,,,,,,,,,,,,,,,14.7,16.1,17.5,19,20.8,22.5,25.7,28.6,30.1,29.4,29.9,29,28,34,40.4,38.9,40.2,41.1,41.9,40,39.1,38.5,38.5,38.2,38.3,38.1,37.9,36.2,34.5,,35.1,33.9,33.7,33.5,,,,
Afghanistan,0.0856,0.0934,,,,,0.143,,,,,0.169,0.172,0.169,0.19,0.189,0.193,0.241,0.217,0.231,0.246,0.26,0.273,0.284,0.293,0.295,0.292,0.278,0.2,0.183,0.17,0.16,0.154,0.15,0.147,0.144,0.14,0.134,0.146,0.155,,,,,,0.0181,0.057,0.0449,0.289,0.297,0.305,0.32,0.323,0.327,0.344,0.354
Angola,0.122,0.173,,,,,0.221,,,,,0.256,0.261,0.265,0.321,0.372,0.432,0.425,0.55,0.495,0.478,0.475,0.466,0.58,0.587,0.585,0.591,0.588,0.386,0.408,0.393,0.378,0.365,0.419,0.424,0.424,0.396,0.453,0.458,0.469,0.503,0.498,0.487,0.451,0.527,1.35,1.2,0.658,0.83,0.826,1.07,1.02,1.06,0.54,0.558,0.392
Albania,0.418,0.738,,,,,8.04,,,,,0.898,0.913,0.945,0.96,0.99,1.02,1.06,1.08,1.09,1.1,1.12,1.15,1.15,1.16,1.18,1.22,1.27,1.38,1.35,1.32,1.35,2.06,2.8,3.72,4.5,4.88,6.31,7.04,8.18,8.84,9.04,8.36,9.89,11.4,12.2,11.3,11.6,10.7,9.68,8.14,7.84,8.61,8.55,8.62,8.43
Andorra,,2.7,,,,,7.79,,,,,12.6,13.1,14.4,16.4,18.2,19.5,23.9,26.6,29.4,30.4,31.4,33.5,34.8,35.5,37,39.4,41.3,43,43.9,45.3,46.7,48.1,49.7,51.4,52.2,52.3,51.2,49.9,48.1,46,44.9,45.1,44.9,44.6,44.9,45.2,45.9,46.5,47.8,48.3,49.8,50.1,49.9,51.1,51.4
United Arab Emirates,,,,,,,,,,,,4.71,5.65,6.78,8.63,10.3,11.8,13,14,14.5,14.6,15.2,15.3,16.2,18.2,20.4,21.7,22.6,23.9,25.5,26.8,27.8,29.1,31.3,32.5,32.9,32.5,31.9,31.4,30.6,29.2,27,24.7,22.5,22.5,20,17.3,20.4,21.5,22.7,22.8,24.4,24.4,24.5,24.3,24.2
Argentina,4.47,4.96,,,,,5.39,,,,,6.38,6.39,6.35,6.39,6.54,6.74,7.76,8.2,7.76,8.74,8.97,9.31,9.51,10,9.59,9.28,9.47,10.7,11.7,14.5,16.4,17.8,19.1,19.7,19.8,21.4,21.8,20.5,22.6,22.8,24.3,24.1,23.9,24.3,24.1,24.2,23.5,22.6,22.9,23,23.4,23.4,22.2,22,17.3
Armenia,,,,,,,,,,,,6.71,7.27,8.49,9.01,9.51,9.68,10.8,11.3,11.7,12.2,12.6,13,13.6,14.3,15,15.8,16.3,16.8,17.3,17.9,18.1,18.3,18.1,17.9,17.6,17.4,17.4,17.9,18.7,19.3,19.9,20.4,21.3,21.6,20.8,20.6,20.4,20.2,20,19.7,18.8,18.1,17,16.2,15.3
American Samoa,,,,,,,,,,,,,,,,,,,13.2,12.6,12.3,11.9,11.6,11.2,10.9,10.7,11.6,11.3,12,15.7,18.2,18.4,18.4,18.3,18.2,17.9,17.7,21.5,23.8,18,17.3,17.5,17.6,17.8,18.1,18.3,18.5,,18,17.9,17.7,17.9,,,,
Antigua and Barbuda,,,,,,,2.65,,,,,3.03,3.05,,,,,5.66,6.47,8.09,9.38,11.3,13,15.4,17.8,21,25.6,21.6,26.1,29.2,36.1,37.7,39.9,43.2,46.4,48.9,50.4,48.3,48.6,47.9,47.3,44.8,45.3,45.1,44.5,43.1,41.3,39.8,36.7,36.2,21.5,21.4,23.8,25.2,,
Australia,15.3,17.8,,,,,21.1,,,,,25.7,26.6,27.7,29.2,30.9,32.5,34.3,35.8,36.8,37.9,39.5,40.8,42.1,43.1,44.4,45.9,46.8,47.4,48.5,49.7,49.5,50.4,50.9,51.3,51.9,52.9,52.4,53.6,53.3,52.2,50.2,48.4,46.7,43.9,49.2,48,46.9,45.7,44.5,38.9,35.5,35,34.4,32.9,31
Austria,6.06,8.97,,,,,12.9,,,,,19.7,21.2,22.9,24.7,26.7,28.8,30.5,32.1,33.5,34.7,35.8,37,38,39.2,40.4,41.7,43,44.3,45.4,46.5,47.5,48.7,49.4,49.8,48.9,49.5,49.4,47.7,47.4,46.5,45.3,43.5,41,39.4,38.9,40.4,40.1,39.8,39,40.8,41.6,40.8,42.7,42.4,41.9
Azerbaijan,,,,,,,,,,,,3.7,3.99,4.61,4.87,5.29,5.53,6.24,6.46,6.66,6.86,7.05,7.38,7.69,7.97,8.28,8.56,8.43,8.3,8.18,8.27,8.23,8.21,8.31,8.51,9.06,9.86,10.5,11.2,11.3,12,12.8,13.6,14.4,14.9,15.7,16.7,18.4,18.6,18.7,18.9,18.7,17.5,17.1,16.9,16.7
Burundi,,0.0452,,,,,0.0575,,,,,0.073,0.0689,,,,,0.0469,0.0502,0.054,0.0824,0.112,0.136,0.141,0.142,0.144,0.146,0.184,0.227,0.268,0.268,0.288,0.251,0.259,0.289,0.303,0.314,0.315,0.329,0.346,0.389,0.377,0.367,0.362,0.374,0.371,0.403,0.335,0.188,0.223,0.22,0.214,0.186,0.216,0.222,0.182
Belgium,8.5,11.1,,,,,13.9,,,,,18.9,19.8,20.9,22.1,23.5,24.7,26.2,27.5,28.5,29.5,30.6,32.5,33.9,35.4,37.2,39.1,40.8,42.3,43.4,44.7,46,45.3,46.6,47.4,48.8,49,49.7,47.6,46.8,45.8,45.5,44.5,45.3,43.9,42.7,42.4,42.1,41.8,41.1,40.4,39.8,38.5,37.5,35.8,34.1
Benin,0.0895,0.0874,,,,,0.12,,,,,0.163,0.175,0.186,0.2,0.213,0.229,0.246,0.246,0.246,0.255,0.254,0.273,0.291,0.291,0.295,0.297,0.291,0.296,0.37,0.419,0.478,0.536,0.58,0.593,0.655,0.752,0.838,0.859,0.884,0.939,0.955,0.941,1.31,1.33,1.42,1.45,1.61,1.61,1.59,1.9,1.84,1.15,0.508,0.422,0.304
Burkina Faso,,,,,,,0.0267,,,,,0.039,0.0414,0.0625,0.0612,,,0.0955,0.1,0.102,0.104,0.103,0.121,0.142,0.153,0.169,0.184,0.197,0.213,0.229,0.268,0.298,0.328,0.34,0.376,0.42,0.458,0.486,0.504,0.527,0.654,0.679,0.685,0.819,1.01,1.01,0.923,0.88,0.853,0.805,0.708,0.415,0.406,0.396,0.389,0.37
Bangladesh,,,,,,,0.0701,,,,,0.0856,0.0949,0.103,0.114,0.115,0.119,0.124,0.129,0.133,0.137,0.167,0.176,0.182,0.191,0.191,0.211,0.21,0.215,0.223,0.233,0.249,0.269,0.306,0.336,0.346,0.385,0.434,0.457,0.551,0.607,0.77,0.805,0.832,0.932,0.846,0.868,0.655,0.637,0.709,0.63,0.553,0.485,0.443,0.898,0.889
Bulgaria,,,,,,,,,,,,,,,,9.09,10.2,12.8,12.7,15.1,15.6,16.7,17.8,19.5,21.1,22.4,24.6,25.2,27,28.1,29.4,30.6,31.9,32.6,33.9,35.1,36,36.4,36.5,36.1,35.2,32.4,31.4,30.4,29.1,29.5,29.1,30.8,29.1,26.6,25.1,23,20.7,18.2,15.9,13.9
Bahrain,,1.71,,,,,2.96,,,,,5.25,5.53,6.4,6.88,9.72,11.5,12.2,13.1,14.4,15.8,16.5,16.8,16.7,17.8,18.2,19,19.7,21.5,23.2,24.7,25,25,25.6,25.7,26,25.7,24.9,23.9,23.9,23.1,21.8,20.3,19.6,19.8,20.1,18.4,21.6,23,22.2,21.3,20.4,19.6,20.1,17.5,16.7
Bahamas,,,,,,,12,,,,,12.1,13.7,13.4,14.5,14.1,14.8,15,18,16.1,16.9,17.9,20.3,22.2,23.6,24.6,27.3,29.9,28.9,28.1,28.6,29.9,31.5,34.1,36.4,37.8,38.4,40.7,41.1,42.1,43.9,41,39.7,39.4,38.6,36.9,36.4,37,37.1,37,33.9,32.3,32,29.8,29.4,23.4
Bosnia and Herzegovina,,,,,,,,,,,,,,,,,,,,,,,,,,,,,14.2,14.7,6.35,6.21,7.23,8.11,8.92,9.83,20.8,22.6,24,24.9,25.3,25.7,26.3,28.3,27.5,26.7,26.9,26.1,24.6,23.9,24.3,22.5,22,22.7,23.8,24
Belarus,0.923,1.35,,,,,2.89,,,,,5.3,5.81,6.23,6.69,7.11,7.55,7.85,8.28,8.81,9.88,10.1,11.2,12.2,13.4,14.5,15.5,16.5,17.2,17.9,18.7,19.5,21.2,23.1,25,26.6,27.9,29.2,30.4,31.7,33,34.3,35.4,38.7,39.3,42.2,43.9,44.7,46.8,47.4,47.9,48.1,47.8,47.6,47.5,
Belize,1.11,2.64,,,,,2.46,,,,,2.48,2.48,2.57,2.58,2.73,2.68,2.64,3.45,3.88,3.79,4.24,4.72,5.74,6.84,8.31,9.23,11.1,12.8,14.5,14,14,13.9,13.8,14.1,15.1,14.5,13.8,11.9,12.4,12.2,11.9,11.8,11.3,10.1,9.91,9.39,8.73,7.52,6.96,6.42,6.54,6.08,5.61,5.45,4.74
Bermuda,20.7,25.4,,,,,30.5,,,,,31.6,32,34.4,36.1,37.6,38.9,40.5,45.3,46.7,48.5,50,52.3,54.3,56.9,59.3,60.5,62.9,63.8,67,70.1,73.1,76.1,80.9,83.4,84.9,86.3,86,85.3,81.9,81.4,79.2,87,87.1,87.4,87.9,88.4,,107,112,45.7,18.8,32.1,34.7,,
Bolivia,,,,,,,,,,,,,,,,,2.42,2.49,2.55,2.53,2.61,2.57,2.53,2.55,2.51,2.53,2.66,2.91,2.91,3.17,3.25,3.24,4.48,4.84,5.59,6.09,6.07,6.11,6.76,6.85,6.9,7,7.09,7.1,8.12,8.14,8.47,8.6,8.48,8.29,8.18,8.11,7.86,7.6,6.27,
Brazil,0.901,1.02,,,,,1.31,,,,,2.05,2.29,2.72,3.23,3.64,4.1,4.31,4.6,4.87,5.06,5.32,5.4,5.54,5.76,6.01,6.31,6.64,7.03,7.21,7.7,8.19,9.18,10.2,11.8,14.5,17.7,21.1,21.6,21.6,21.5,21.4,20.6,20.7,21.5,21.4,21.5,21.8,22.2,22.4,21.8,21.4,20.4,19.4,18.3,16
Barbados,3,4.59,,,,,7.82,,,,,11,11.7,12.6,13,13.4,13.7,13.8,15,16.5,18,18.9,20.1,21.3,23,25.4,27.6,29.8,30.5,31.3,32.2,33.9,36.2,40.4,42,42.5,45.6,47.3,48.6,48.8,49.3,48.8,48.4,48.2,48.2,48.3,48.7,49.7,50.5,52.3,47.7,52.4,48.9,42.1,44.7,48.2
Brunei,,,,,,,,,,,,,,4.12,4.53,5.06,5.73,7,7.28,8.02,8.71,9.27,9.66,10.4,11.3,12,13.5,14.7,17.6,19.6,21.3,22.9,25.9,24.6,24.4,24.2,24.2,26,23.4,23.2,23.1,23,21.7,21.2,21.3,21,20.6,20.3,17.8,,17.5,18.3,17.7,19.7,19.3,20
Bhutan,0,0.0984,,,,,0.129,,,,,0.164,0.186,0.18,0.175,0.278,0.292,0.287,0.303,0.318,0.321,0.323,0.334,0.334,0.334,0.352,0.352,0.468,0.554,0.715,0.86,0.981,1.12,1.17,1.85,2.07,2.39,2.91,3.18,3.77,4.74,5.09,4.8,4.49,4.09,3.88,3.84,3.97,3.85,3.73,3.31,3,2.86,2.87,2.92,2.83
Botswana,0.0796,0.214,,,,,0.366,,,,,0.634,0.649,0.687,0.709,0.74,0.794,0.84,0.881,0.95,0.977,0.989,1.06,1.26,1.52,1.78,2.05,2.46,2.68,3.11,3.52,4.06,4.8,5.56,6.47,7.69,8.27,8.85,8.69,7.58,7.46,7.59,7.19,7.3,7.43,7.03,6.92,7.42,7.87,8.44,8.1,7.57,6.58,6.4,6.32,6.12
Central African Republic,,,,,,,,,,,,,,,0.122,0.111,0.119,0.109,0.122,0.116,0.112,0.102,0.15,0.155,0.161,0.165,0.178,0.186,0.206,0.222,0.235,0.26,0.293,0.289,0.275,0.277,0.26,0.24,0.237,0.245,0.253,0.248,,,,0.0821,0.0212,0.0184,0.0186,0.018,0.0179,0.0419,0.0433,0.0458,0.047,
Canada,27.9,26.8,,,,,30.5,,,,,35.9,36.9,37.7,38.8,39.7,40.9,41.7,41.5,41.6,46.5,48.5,49.7,50.9,52.1,53.9,55.5,56.7,57.6,58.6,59.8,60.2,61,62.7,64.3,67.3,68.1,68.4,66.1,65.5,64.6,56.4,56,55.5,54.7,55.4,53.9,52.9,50.8,47.9,46,43.3,41.7,39.4,37.3,35.5
Switzerland,20.7,25.2,,,,,31.6,,,,,39,39.8,41.1,42.5,43.8,45.2,46.5,47.6,48.7,49.8,50.9,52.2,53.8,55.5,57.4,59.3,60.7,61.6,62.1,61.4,64,64.9,66.3,68.9,71.2,73.3,75,74.6,73.2,71.7,69.7,67.3,65.4,63.3,66.5,62.9,62,59,56.6,53.3,49.9,45,42.1,38.4,36.1
Chile,1.62,1.81,,,,,2.42,,,,,2.8,2.86,2.98,3.11,3.12,3.18,3.34,3.44,3.67,3.98,4.38,4.48,4.59,4.87,4.95,6.51,7.83,9.35,10.9,11.2,12.6,14.7,18.2,20.3,20.5,21.5,22.4,22.1,20.5,20.9,21.4,20.7,20.9,21.1,21.1,20.3,19.6,18.9,19,19.3,19.2,18.5,17.3,16,14.5
China,,,,,,,,,,,,0.183,0.187,0.191,0.198,0.206,0.214,0.219,0.228,0.241,0.262,0.29,0.32,0.35,0.415,0.49,0.582,0.708,0.95,1.42,2.22,3.28,4.39,5.57,6.87,8.48,11.2,13.9,16.4,20,23.6,26.3,27.5,27.2,25.1,23,21.5,20.7,20.1,19.2,17.8,16.4,14.6,13.6,13.5,13.3
Cote d'Ivoire,0.105,0.203,,,,,0.333,,,,,0.375,0.39,0.394,0.415,0.425,0.466,0.507,0.537,0.557,0.543,0.576,0.593,0.595,0.601,0.594,0.61,0.658,0.655,0.679,0.752,0.815,0.885,0.941,1.09,1.37,1.6,1.74,1.89,1.35,1.44,1.41,1.44,1.29,1.82,1.41,1.38,1.31,1.28,1.23,1.07,1.19,1.21,1.25,1.21,1.06
Cameroon,,,,,,,,,,,,0.174,0.177,0.179,0.187,0.198,0.2,0.206,0.233,0.265,0.288,0.297,0.312,0.326,0.325,0.337,0.341,0.345,0.437,0.444,0.44,0.482,0.505,0.524,0.638,0.626,0.612,0.667,0.678,0.58,0.576,0.566,0.717,1.01,1.33,2.2,2.65,3.2,3.43,3.62,5.1,4.51,4.39,3.61,3.58,3.58
"Congo, Dem. Rep.",,,,,,,0.111,,,,,0.117,0.114,0.104,0.101,0.0986,0.101,0.0889,0.0901,0.0902,0.0985,0.0971,0.0945,0.092,0.09,0.0956,0.0982,0.0975,0.0964,0.0927,0.0894,0.0866,0.0842,0.0208,0.0209,0.0208,0.0208,0.0206,0.02,0.0189,0.0198,0.0193,0.0171,0.00599,0.0618,0.0678,0.065,0.0853,0.0863,0,0,0,0,0,0,
"Congo, Rep.",,0.338,,,,,0.369,,,,,0.364,0.398,0.4,0.414,0.445,0.478,0.485,0.476,0.492,0.488,0.495,0.488,0.502,0.673,0.688,0.673,0.698,0.719,0.749,0.781,0.791,0.79,0.767,0.745,0.724,0.703,0.684,0.665,0.205,0.394,0.439,0.367,0.346,0.226,0.28,0.314,0.323,0.331,0.339,0.344,0.35,0.341,0.333,,
Colombia,1.71,2.1,,,,,2.77,,,,,3.48,3.5,3.72,3.93,3.89,4,4.13,4.6,4.52,5.14,5.68,5.88,6.15,6.51,6.71,7.29,7.8,8.2,8.95,9.82,10.6,12.5,14.3,16.6,17.1,18.1,18.3,19,18.9,18,18,18.2,18.1,17.9,16.7,15.9,15.6,15.3,15.4,15.3,15,14.8,14.3,14,13.9
Comoros,0,0.0482,,,,,0.13,,,,,0.175,0.188,0.217,0.244,0.269,0.292,0.315,0.336,0.357,0.405,0.449,0.484,0.534,0.596,0.723,0.793,0.859,0.882,0.893,0.924,0.921,1.02,1.1,1.21,1.23,1.25,1.6,1.8,2.27,2.53,2.77,3.04,4.06,4.38,4.57,3.08,3.28,3.32,3.1,3.09,1.88,1.64,2.11,1.24,1.18
Cape Verde,0.0932,,,,,,,,,,,0.551,,,,,0.507,0.542,0.578,0.63,0.715,0.732,1.18,1.75,1.97,2.05,2.44,2.63,3.27,4.17,4.9,5.57,6.38,8.22,9.69,11.1,12.8,14.7,15.8,15.9,15.7,15.5,15.3,15.1,14.9,14.8,14.6,14.9,13.9,12.9,11.5,12.1,12.2,12.1,11.5,10.5
Costa Rica,0.751,1.26,,,,,2.17,,,,,3.87,4.23,4.81,5.44,5.74,6.59,6.95,7.47,7.51,7.6,7.67,7.64,8.33,8.66,8.95,9.02,9.52,9.94,10.8,12.4,13.5,14.5,18.4,19.5,20.7,22.7,23.4,25.3,27.8,31.8,32.4,30.6,32.6,32.2,33.2,23.2,22.3,21.2,20.4,18.4,17.7,17.1,16.5,15.5,12.5
Cuba,2.18,,,,,,,,,,,,2.06,2.04,2.02,2.16,,2.34,2.45,2.55,2.56,2.66,2.83,3.6,3.4,2.9,3.18,3.18,3.14,3.23,3.22,3.24,3.26,3.37,3.51,3.91,4.39,5.14,5.94,6.45,6.83,7.6,8.54,9.38,9.68,9.97,10.4,10.6,10.8,11,11.2,11.4,11.7,11.9,12.7,13.3
Cayman Islands,,,,,,,15.3,,,,,20,21.1,22.4,23.2,24.5,25.6,,,,36,37.7,38.1,40.9,42,44.8,48.7,44.4,45.9,48.2,57.7,60.3,,52.6,72.2,78,82.7,86.5,83.8,81.5,79.3,77.1,74.9,67,66.4,65.3,65.9,64.3,63.4,61.3,54.1,54.3,54.5,54.9,,
Cyprus,1.86,3.54,,,,,5.44,,,,,8.53,9.58,8.71,10.7,12,13.1,15,16.4,18.9,22.3,25.1,28.5,32.5,36.2,39.3,42.4,45.2,47.6,49.7,51.7,52.9,55,57.2,59.3,61.4,63.1,61.7,59.9,58.7,57.1,56.5,53.9,52.7,51.9,50.6,49.2,47,43.1,40.7,38.7,38.2,37.5,36.7,36.1,37.5
Czech Republic,,,,,,,,,,,,,,,,11.2,11.4,11.6,11.9,12.3,12.6,12.9,13.4,13.9,14.5,15.1,15.7,16.5,17.6,19,21,23.6,27.2,31.7,36.2,36.9,37.6,37.6,35.9,35.4,33.5,31.4,28,23.2,23.8,24.1,22.5,20.9,20,18.9,18.9,18,16.6,15.4,14.2,13.8
Germany,4.39,6.35,,,,,10.9,,,,,16.3,18,20,22,24.1,26.1,27.7,29,30.1,31.4,32.7,33.7,34.6,35.5,36.7,40.3,42.2,44.3,46,48,51.8,54.2,55.5,57.2,59.2,61.7,64.2,65.8,66.5,66.8,67.1,66.8,65.3,62,66.4,65.4,63.6,61.9,60,57.7,55.4,55.1,53.7,51.1,48.4
Djibouti,,,,,,,0.731,,,,,0.692,0.658,0.598,0.623,0.675,0.731,0.797,0.888,0.92,0.904,0.951,0.946,0.908,0.908,0.852,0.967,1.03,1.1,1.19,1.21,1.2,1.27,1.25,1.17,1.26,1.35,1.35,1.36,1.34,1.44,1.35,1.42,1.75,1.83,2.03,2.2,2.16,2.3,2.34,2.44,2.51,2.68,3.87,3.84,
Dominica,,,,,,,1.83,,,,,3.02,3.5,3.99,4.23,0.534,1.61,,4.13,4.18,5.28,6.57,8.27,9.74,11.2,14.1,16.5,17.6,19.4,22.4,23.5,25,26.4,27.2,28.6,30.5,32.6,33.4,33.9,32.1,29.8,26.9,24.7,24.6,24.7,23.3,21.8,21.1,22.9,24.1,23.1,28.9,18.7,18.1,3.71,
Denmark,18.2,21.7,,,,,25.3,,,,,33.7,36.1,38.3,40.2,42.1,43.4,44.7,45.9,46.9,48.2,49.7,51.4,53,54.5,55.5,56.6,57.2,58.1,58.9,59.9,61,61.9,63.3,66,68.4,71.8,72.1,68.9,67.1,64.6,61.8,56.9,51.6,54.1,50.2,47.1,44.4,41,37.1,33.1,29.8,27.3,21.6,19.7,17.4
Dominican Republic,,,,,,,,,,,,,,,,,1.87,1.92,1.95,2.02,2.12,2.22,2.25,2.87,3.31,4.06,4.78,5.65,6.47,7.02,7.23,7.45,7.78,8.71,9.4,9.91,10.6,11.1,10.4,10.3,10.1,9.85,9.73,9.71,10.4,10.1,10.4,11.2,11.4,11.7,12.1,12.7,12.9,12.6,12,11.3
Algeria,,0.579,,,,,0.662,,,,,0.776,0.824,0.981,1.14,1.4,1.62,1.83,2,2.11,2.14,2.39,2.5,2.67,2.85,2.99,3.15,3.35,3.56,3.86,3.98,4.09,4.37,4.71,4.89,5.22,5.67,5.98,6.12,6.45,7.61,7.76,8.45,8.98,8.84,7.29,8.12,8.34,8.8,8.21,7.96,8.22,8.4,9.91,9.95,10.8
Ecuador,,0.915,,,,,1.48,,,,,2.36,2.45,2.51,2.64,2.79,2.84,2.95,3.09,3.07,2.99,2.96,3.08,3.52,3.93,4.55,4.79,4.69,4.96,5.46,5.87,6.09,6.84,7.53,8.12,9.08,9.66,10.3,10.7,11.4,11.7,12.1,12.6,12.8,13.1,13.6,13.9,14.5,14.9,15.2,15.3,15.5,14.9,14.4,13.8,12.6
Egypt,0.828,,,,,,0.842,,,,,0.895,0.895,0.898,0.906,0.927,,0.968,1.05,1.25,1.34,1.81,2.13,2.15,2.25,2.54,2.85,3.16,3.46,3.73,4.02,4.36,4.76,5.32,6,6.94,7.97,9.54,10.9,12,12.8,13.8,14.1,14.4,14.9,12.7,11.6,10.3,9.9,7.72,6.98,6.74,6.48,6.85,7.99,8.73
Eritrea,,,,,,,,,,,,,,,,,,,,,,,,,,,,,0.576,0.596,0.685,0.796,0.861,1,1.1,1.22,1.33,1.32,1.45,1.46,1.44,1.33,1.29,1.25,1.32,1.55,1.71,1.82,1.85,1.89,1.93,1.97,1.96,1.94,,
Spain,4.29,5.52,,,,,8.4,,,,,13.1,14.1,15.5,16.7,17.9,19.2,20.2,21,22,23,24.1,25.2,26.3,28.1,30.2,32.1,33.8,35,36.1,37,37.9,38.6,39.6,40.5,40.7,41.9,42.4,42.1,41.7,41.4,44.2,44.4,44.4,44.7,43.5,43,42.2,41.6,41.3,41.1,41.5,41.8,42,41.7,42.4
Estonia,,,,,,,,,,,,8.44,9.07,11.1,11.7,13,13.6,15.5,16.1,16.7,17.2,17.7,18.2,18.7,19.1,19.7,20.4,21.4,22.3,23.5,25.9,28.7,31,33.2,35.5,36.7,37.4,36.4,34.4,33.6,32.6,32.6,33.5,36.9,37.2,36.9,36.2,35.5,33.9,32.3,30.9,29.5,28.1,27.4,26.1,24.5
Ethiopia,0.039,0.068,,,,,0.116,,,,,0.139,0.157,0.17,0.175,0.177,0.182,0.191,0.202,0.22,0.228,0.235,0.246,0.245,0.237,0.25,0.262,0.268,0.247,0.249,0.25,0.25,0.253,0.258,0.263,0.302,0.35,0.416,0.504,0.561,0.652,0.799,0.924,1.09,1.08,1.07,1.04,0.92,0.86,0.798,0.836,0.883,1.11,1.11,,
Finland,9.66,13.3,,,,,18.7,,,,,28.7,30.2,31.5,32.8,34.5,36.3,38.2,39.9,41.6,43,44.6,46.1,47.8,49.8,51.9,53.4,54.1,54.4,54.5,55,54.9,55.3,55.5,55,55.1,54.9,54,52.3,49.1,45.2,40.3,36.2,32.8,31,26.8,23.3,20,16.4,13.8,11.7,9.8,8.32,6.86,5.85,4.86
Fiji,1.31,1.53,,,,,1.84,,,,,2.8,2.95,3.09,3.22,3.43,3.77,3.76,3.85,3.87,4.11,4.19,4.62,4.71,4.93,5.41,5.82,6.2,6.66,7.15,7.77,8.35,8.93,9.06,9.61,10.1,10.7,11.3,12,12.5,12.8,13.7,13.9,14.6,15.3,16,15.1,15,10.2,8.11,8.74,8.35,8.5,8.66,8.66,
France,4.8,6.29,,,,,8.41,,,,,13.5,15.9,18.9,22.5,26,29.5,32.8,35.8,38.3,40.2,41.7,43,44.4,46,47.8,49.6,51.1,52.7,53.9,55,56.1,56.7,57.9,58.3,57.7,57.6,57.4,57.1,56.3,55.5,55.1,55.5,56.2,56.4,65.4,64.6,63.9,62.5,61.2,60.5,60.4,60.3,59.7,58.7,58
Faeroe Islands,9.27,12.9,,,,,17.7,,,,,25.5,27.3,28.7,29.9,30.9,31.8,33.5,35.2,35.8,38,39,40,41.9,44.5,46.8,48.3,50.3,50.8,50.3,49.4,48.8,50.1,51.4,52.1,53.5,53.4,49.3,51.7,51.2,50.3,49.9,48.2,47,45.6,43.8,42.2,40.9,39.1,45.1,43.8,41.8,39.6,37.3,35.4,
"Micronesia, Fed. Sts.",,,,,,,,,,,,,,,,,,,,1.24,1.32,1.48,1.52,1.62,1.93,2.23,2.53,2.71,2.96,5.91,6.8,7.33,7.6,7.75,8.42,9.15,8.98,9.4,9.44,10.4,11.3,11.7,8.46,8.33,8.4,8.45,8.21,8.12,8.04,9.48,6.54,6.25,6.25,6.23,,
Gabon,,,,,,,,,,,,,,,,,,1.4,1.37,1.4,1.37,1.45,1.53,1.6,1.89,2.04,2.19,2.69,2.76,2.9,2.97,2.95,3.14,3.26,3.31,3.17,3.17,2.96,2.49,2.91,2.86,2.81,2.55,1.8,2.18,2.32,1.87,1.34,1.29,1.06,0.982,0.963,0.944,1.03,1.03,
United Kingdom,9.62,12,,,,,16.6,,,,,23.6,24.8,26.8,29.1,30.8,32.3,33.4,34.2,35.3,36.5,37.5,38.4,40,41.8,43.5,44.4,45.2,46.2,47.5,49.1,50.8,52.8,54.7,56.1,57.9,59.8,58.5,58.6,58,57.7,56.5,55.7,54.4,55,53.3,52.6,51.9,51.4,51.4,50.8,50.4,49.2,48.2,47.5,
Georgia,,,,,,,,,,,,4.51,5,5.28,5.45,5.92,6.38,6.73,7.08,7.42,7.75,8.06,8.35,8.63,9.01,9.42,9.98,10.4,10.8,11,10.3,11.1,11.7,13.1,13.7,15.1,11.7,13.2,15,15.7,16.2,13.5,13.2,13.3,14.9,15.1,27.1,32.8,31.4,29.6,27.2,23.6,20.9,17.8,15.1,13
Ghana,,0.224,,,,,0.268,,,,,0.313,0.323,0.326,0.334,0.337,0.341,0.327,0.318,0.309,0.307,0.299,0.292,0.292,0.29,0.3,0.299,0.307,0.305,0.302,0.302,0.371,0.446,0.589,0.727,0.854,1.1,1.24,1.36,1.4,1.47,1.47,1.59,1.64,0.611,1.11,1.12,1.12,1.1,1.02,0.957,0.99,0.883,1.04,0.935,0.949
Gibraltar,8.37,,,,,,12.6,,,,,,,,,,,,,22,23.9,26.8,27.5,29.2,31.5,33.3,36.9,39.8,44.5,47.6,53,57.6,60.4,63.4,68.1,71.8,75.8,77.6,76.5,76.8,77,75.3,71.8,71.6,71.5,71.5,71.5,71.4,68.7,,69.4,,50.5,58.6,52.4,50.3
Guinea,0.0588,,,,,,0.113,,,,,,0.145,0.143,,,,0.209,0.228,0.251,0.275,0.265,0.231,0.209,0.167,0.179,0.178,0.177,0.161,0.168,0.131,0.149,0.217,0.258,0.194,0.262,0.295,0.303,0.303,0.299,0.294,0.274,0.247,0.231,0.277,0.221,0.177,0.173,0,0,0,0,0,0,0,
Gambia,,0.192,,,,,0.213,,,,,0.272,0.287,0.295,0.302,0.321,0.337,0.35,0.339,0.328,0.333,0.331,0.379,0.493,0.592,0.623,0.645,1.01,1.36,1.53,1.67,1.7,1.83,2.07,2.07,2.29,2.53,2.58,2.73,2.9,2.87,2.85,2.91,2.97,2.89,2.78,2.72,2.73,3.37,3.27,2.76,2.16,1.77,1.45,1.93,
Guinea-Bissau,0.0527,,,,,,,,,,,,,,,,,0.234,0.387,0.465,0.58,0.631,0.616,0.603,0.589,0.598,0.611,0.619,0.63,0.639,0.65,0.676,0.714,0.674,0.7,0.518,0.926,0.807,0.893,0.823,0.74,0.715,0.492,0.324,0.321,0.326,0,0,0,0,0,0,0,0,0,
Equatorial Guinea,,,,,,,,,,,,,,,,,,0.189,0.211,0.227,0.241,0.256,0.271,0.313,0.329,0.32,0.31,0.3,0.291,0.281,0.525,0.506,0.711,0.708,0.999,0.997,1.01,1.09,1.34,1.4,1.46,1.33,1.27,1.22,1.16,1.11,1.43,1.47,1.44,1.38,1.35,0.97,0.904,0.886,0.829,
Greece,2.2,4.91,,,,,10.2,,,,,18.7,19.8,20.6,21.6,22.7,23.6,24.7,25.9,27.5,29.5,31.3,32.9,34.5,35.8,37.3,38.6,40.6,43.2,45,46.7,48,49.2,49.8,50.5,50.9,51.1,50.4,56.3,56.2,56.5,56.2,55.2,49.2,47.6,54.8,54.2,53.1,50.7,50.2,49.7,49.3,49,49,48.3,47.8
Grenada,1.17,,,,,,,,,,,3.3,,,,,3.4,3.31,3.22,3.26,3.65,3.91,4.99,7.04,9.17,12.4,15.8,16.8,19,20.5,21.1,23.1,23.9,26.1,26.9,28.7,30.5,31.7,32.4,31.4,31.3,26.2,26.4,27.1,27.1,26.8,26.7,26.3,25.8,26.4,25,24.7,24.3,29.3,20.2,
Greenland,,1.53,,,,,3.39,,,,,9.42,11,12,14.3,16.7,19,20,21,21.3,22.4,23.2,24.7,27.1,28.7,30,29.9,30.1,30.2,31.4,33.1,35.1,37.8,41.8,44.6,45.7,46.6,43,44.8,44.5,44.2,56.5,63.2,40.7,40.1,38.9,38.5,35.2,33.5,31.9,30.5,28.4,,16.4,14.2,12.6
Guatemala,0.423,0.499,,,,,0.674,,,,,0.74,0.8,0.953,1.07,1.11,1.14,1.19,1.29,1.35,1.46,1.56,1.55,1.54,1.56,1.76,2.05,2.13,2.21,2.33,2.41,2.75,3.18,3.95,4.64,5.36,5.81,6.34,6.93,7.55,8.85,9.53,10.1,10.3,10.3,9.87,10.2,10.9,11.4,11.9,10.8,10.6,14.8,14.5,14.1,11.2
Guam,3.96,6.67,,,,,8.09,,,,,13.3,12,12.1,12.4,21.6,24,25.7,26.7,27.4,28.2,28.2,23,23.8,25.7,27.9,29.9,32.4,33.9,47.1,44.5,47.5,47.2,47.3,49.3,50.4,47.9,51.2,44.5,41.5,41.4,41.4,41.3,41.2,41.2,41.1,41.1,,41.9,41.8,41.9,42,,,,
Guyana,0.931,0.936,,,,,1.04,,,,,1.9,2.03,,,,,2.08,2.11,2.18,2.26,2.34,2.62,2.11,2.13,2.15,2.15,2.15,3.79,5.47,5.81,5.86,6.6,7.27,7.95,8.54,9.16,10.7,10.8,12.4,13.8,14.8,15.8,17.2,18.6,19.7,20,20.3,20.4,20.7,20.9,20.1,18.4,17.5,,
"Hong Kong, China",2.6,,,,,,12.3,,,,,19.9,21,22.3,23.5,24.7,26.3,27.8,29.2,30.6,32,33.4,34.9,37,39.4,41.5,43.2,45.6,48.1,50.5,52.5,53.9,55.8,57.9,58.1,59.3,59.4,58.5,57.2,56.6,55.8,56,56.4,61.5,60.8,61.8,62.6,62,62.2,62.3,61.9,60.3,59.6,58.2,56.9,54.5
Honduras,,,,,,,,,,,,0.539,0.527,0.53,0.583,0.755,0.787,0.83,0.843,0.877,1.04,1.07,1.14,1.19,1.42,1.63,1.78,1.85,2,2.17,2.36,2.82,3.24,3.86,4.01,4.36,4.54,4.59,4.65,4.71,5.32,6.62,9.37,10.5,10.3,8.79,8.1,7.24,7.07,7.04,5.89,5.45,4.78,5.21,5.55,5.03
Croatia,,,,,,,2.98,,,,,4.87,5.42,5.88,6.64,7.25,7.87,8.57,9.54,10.7,11.5,12.3,13.1,13.9,14.8,15.8,17.2,18.7,20.2,21.9,25.9,27.9,30.4,32.8,34.7,36.7,38.9,40.4,41.5,42.6,43.1,43,41.9,42.3,43.1,42.8,43.1,42.8,40.6,39,36.9,34.9,34.1,33.5,32.6,32.3
Haiti,,,,,,,,,,,,,,,,,,0.346,0.406,0.43,0.452,0.489,0.525,0.559,0.592,0.612,0.639,0.627,0.615,0.603,0.658,0.775,0.761,0.747,0.795,0.841,0.857,0.929,1.49,1.57,1.55,1.58,1.61,1.14,1.12,1.09,0.503,0.495,0.488,0.394,0.389,0.0532,0.0525,0.0539,0.0532,
Hungary,2.43,2.99,,,,,3.85,,,,,4.83,4.89,4.92,4.98,5.23,5.74,5.92,6.11,6.34,6.64,6.99,7.32,7.76,8.22,8.81,9.6,10.9,12.5,14.5,17.1,20.8,25.7,30,33.3,36.4,37.2,36.7,36.1,35.5,35.2,33.9,33.4,32.4,31,30.8,30,29.6,30,30.3,30.7,31.6,32,32.2,31.7,31.5
Indonesia,0.0944,0.121,,,,,0.125,,,,,0.159,0.164,0.176,0.196,0.22,0.255,0.283,0.308,0.319,0.332,0.365,0.402,0.442,0.474,0.485,0.588,0.702,0.88,0.977,1.27,1.67,2.09,2.46,2.71,2.91,3.15,3.37,3.57,3.66,4.65,5.97,6.46,8.4,12.9,14.6,16.9,15.8,15.3,12.2,10.3,4.02,4.11,4.18,3.1,3.5
India,0.0738,0.125,,,,,0.177,,,,,0.235,0.253,0.265,0.28,0.295,0.308,0.321,0.337,0.356,0.378,0.404,0.435,0.464,0.498,0.536,0.581,0.652,0.747,0.865,1.04,1.24,1.48,1.78,2.12,2.55,3.07,3.58,3.79,3.78,4.09,4.37,3.5,3.32,3.16,3.04,2.84,2.63,2.44,2.27,2.08,1.95,1.84,1.74,1.62,1.54
Ireland,3.96,5.84,,,,,8.05,,,,,10.5,11.2,11.9,12.5,13,14.3,15.7,16.8,17.6,19.1,20,21.4,22.6,24,26.1,28,29.8,31.5,33,34.8,36.5,38.4,42.7,44.3,46.6,48.4,48.4,50.5,49.1,49.7,49.6,51.4,52.2,50.3,47.4,45.6,44.6,43.6,44.1,43.7,41.5,40.8,39.4,38,36.2
Iran,0.531,0.801,,,,,1,,,,,2.09,2.41,2.38,2.37,2.29,2.37,2.55,2.52,2.57,2.64,2.79,3,3.24,3.54,3.7,3.9,4.26,5.1,6.02,7.13,8.28,9.35,10.3,11.5,12.9,14.5,16.4,19.2,22.5,23.7,29.2,32.1,33.4,34.4,35.4,35,37.2,38.1,38.8,37.9,38.8,38.8,38.5,37.3,34.9
Iraq,,,,,,,0.928,,,,,,,,,,1.83,1.96,2.08,2.2,2.57,3.02,3.52,4.15,4.08,3.97,4.09,3.74,3.88,3.59,3.32,3.17,3.08,3.03,2.94,2.96,2.87,2.79,4.53,4.61,3.93,4.14,4.54,4.89,3.81,5.7,5.79,5.84,5.87,5.73,5.66,5.61,5.55,8.62,7.04,
Iceland,18.8,23.6,,,,,28.2,,,,,34.6,33.5,33.7,34.7,35.7,37.2,38.1,39.1,39.8,40.7,42.5,46.3,47.5,48.7,49.6,51.2,52.6,53.8,54.7,55.9,55.6,58,60.6,63.1,66.6,70,69.5,65.9,66.9,65.4,65.7,62.9,61.2,64.2,60.2,60.4,59.1,55.3,51.4,52.2,50.9,49.5,43.7,40.6,37
Israel,3.15,6.91,,,,,13.1,,,,,18.1,18.9,19.8,20.6,21.7,23.2,24.5,25.5,26.6,27.4,29.2,31.3,33.4,34.7,35.4,36.6,37.1,38,39.7,41.9,44.4,46.8,48.1,49.3,49.4,50,50,48.7,46.4,45.3,45,45,44.9,45.9,46.1,46.4,46.7,47.2,43.9,43.6,42.8,41.2,39.3,38.2,35.7
Italy,6.15,8.79,,,,,12.1,,,,,17.5,18.3,19.3,20.5,21.7,23.1,24.5,25.9,27.5,29.1,30.6,32,33.5,35.2,37.3,39.2,40.4,41.5,42.3,42.9,43.5,44.3,45.2,45.8,46.8,47.9,48.1,47.5,46.2,44.8,43,45.9,38.2,37.4,38.3,38,37.1,36.3,35.1,34.1,33.4,33.4,34.1,33.6,32.4
Jamaica,1.22,1.5,,,,,1.87,,,,,2.45,2.48,2.57,2.54,2.48,2.43,2.56,2.71,2.83,2.9,3.28,3.45,3.44,3.56,3.71,4.35,5.39,6.8,8.39,9.99,11.5,14,16.1,17.7,18.5,18.6,19.1,16.1,16.9,15.5,11.6,12.4,13.4,11.4,10.8,9.36,9.56,8.91,8.76,8.85,8.75,10.7,10.2,12.4,13.5
Jordan,1.24,,,,,,1.05,,,,,,,1.88,1.99,2.27,2.55,2.91,3.36,3.74,4.08,5.1,5.17,6.48,6.84,7.01,6.89,7.05,7,6.9,7.18,6.91,7.3,8.34,10.3,11.2,12.1,12.7,12.7,11.5,11.4,10.9,10.2,8.94,7.92,7.27,6.69,6.07,5.37,4.44,4.21,3.98,4.23,3.65,3.7,3.52
Japan,3.88,7.52,,,,,15.6,,,,,28.8,30.3,31.2,32.1,33,33.9,33.9,34.7,35.6,36.3,37.2,38.2,39.3,40.7,42.3,43.8,45,46,46.8,48.1,49.3,50.6,51.8,49.1,48.7,48.6,48,47.5,47,46.5,45.2,43.6,39.9,37.7,52,51,50.3,50,49.9,49.6,49.8,50.2,50.2,49.9,
Kazakhstan,,,,,,,,,,,,3.35,3.7,3.9,4.07,4.23,4.46,4.66,4.97,5.3,5.54,5.8,6.06,6.38,6.9,7.51,8.14,8.7,9.14,12.2,12.4,12.4,12.3,11.7,11.7,11.7,12.3,13,13.9,14.8,16.7,17.6,18.8,20.6,21.8,24,25,25.9,26,25.8,25.2,23.6,22,20.4,18.3,17.3
Kenya,,0.294,,,,,0.345,,,,,0.39,0.404,0.426,0.429,0.441,0.45,0.47,0.497,0.519,0.554,0.595,0.628,0.643,0.686,0.71,0.738,0.816,0.819,0.822,0.848,0.923,0.933,0.924,0.953,0.933,0.913,0.942,0.952,0.947,0.84,0.783,0.779,1.2,1.62,1.62,0.906,0.657,0.567,0.449,0.385,0.179,0.148,0.139,0.128,0.134
Kyrgyz Republic,,,,,,,,,,,,2.34,2.68,2.93,3.31,3.67,4.05,4.32,4.56,4.73,5.04,5.36,5.8,6.24,6.39,6.68,7.18,7.51,7.6,8.19,7.5,7.82,7.39,7.46,7.7,7.62,7.64,7.82,7.91,7.9,8.26,8.68,8.95,9.3,9.41,9.34,9.02,9.1,8.7,8.05,7.58,6.85,6.29,5.85,5.25,4.66
Cambodia,0.031,,,,,,,,,,,,,,,,,,,,,,,0.0306,0.0316,0.0333,0.0347,0.0418,0.0423,0.0423,0.0673,0.08,0.141,0.177,0.209,0.233,0.254,0.27,0.28,0.244,0.246,0.248,0.19,0.274,0.31,0.385,2.51,3.64,3.95,2.8,2.36,1.65,1.44,0.83,0.543,0.342
Kiribati,,,,,,,,,,,,,,,,0.83,,,0.769,0.831,0.956,1.05,1.22,1.35,1.45,1.55,1.66,1.73,1.84,2.32,2.51,2.61,2.68,3.1,3.44,3.71,3.97,4.23,5.12,4.95,4.75,4.55,4.24,4.14,4.05,8.22,8.16,8.08,7.52,5.56,1.83,1.33,0.774,0.67,0,0.017
St. Kitts and Nevis,,,,,,,,,,,,,,,,,,,,5.18,5.57,7.05,10.4,12.8,17.4,20.1,24.1,25.2,28.3,29.7,32.7,34.2,36.8,40.1,42.5,46,49.7,50.4,52,51.4,43.9,43.3,43.6,42.8,42.3,42.2,40.4,40,40.1,38.1,38.2,38.6,33.8,33.2,30.8,
South Korea,,0.764,,,,,1.49,,,,,2.99,3.54,4.21,5.08,6.11,7.11,8.45,10.4,12.1,13.9,16,18.2,20.7,24.5,27.8,30.9,33.6,35.6,37.6,39.4,41.1,42.8,44.2,43.1,54.5,54.6,54,53.6,52.1,48.6,49.1,45.9,46.9,49.5,54.5,57.6,59.2,60.1,60.2,58.3,56.8,55,52.5,50.6,48.3
Kosovo,,,,,,,,,,,,,,,,,,,,,,,,,,,,,,,,,,,,,,,,,,6.11,6.11,6.11,6.11,6.11,6.11,,,,,,,,,
Kuwait,1.23,2.75,,,,,5.1,,,,,8.71,9.49,9.88,10.3,10.7,11.5,11.8,12.7,12.9,12.7,12.8,12.8,13.1,13.8,14.9,15.8,15.8,18.1,20.2,22.5,23.8,24.1,24.1,23.3,23.3,22.8,22.5,22.5,22.5,22.6,22.2,21.8,21.5,19.6,18.7,17.4,16.2,15.2,14.4,13.4,12.5,13.5,13.4,12.5,
Lao,0.0347,0.042,,,,,0.0409,,,,,0.177,0.184,0.182,0.174,0.171,0.169,0.165,0.159,0.16,0.162,0.162,0.161,0.16,0.161,0.151,0.162,0.166,0.189,0.186,0.383,0.343,0.393,0.486,0.553,0.671,0.768,0.973,1.13,1.25,1.32,1.58,1.58,1.6,2.11,1.63,1.65,1.7,6.98,10.7,13.9,14.3,18.5,16.2,21,20.8
Lebanon,,,,,,,,,,,,,,,,,,,12.3,12.5,12.8,13,13.3,13.7,13.9,14.1,14.1,13.8,13.5,13.1,12.8,12.7,12.8,15.4,15.3,15.2,15,15.7,16.2,16,13.8,13.5,14.3,14.6,15.7,16.7,16.9,16.4,15.7,14.7,15.4,15.5,27.1,13.3,13,12.9
Liberia,,,,,,,,,,,,,,,,,,0.365,0.352,0.34,0.345,0.384,0.372,0.373,0.403,0.415,0.452,0.162,0.225,0.228,0.227,0.22,0.208,0.274,0.258,0.244,0.235,0.23,0.228,,,,,0.0592,0.0554,0.0632,0.149,0.231,0.332,0.259,0.23,0.201,0.174,,,
Libya,0.582,,,,,,,,,,,,,,,,,2.67,2.87,3.08,3.32,3.59,3.88,4.21,4.72,4.99,4.96,5.13,5.07,5.05,5.44,6.43,7.55,7.82,9.62,10.4,11.3,12.1,13,13.3,14,14.7,15.4,16.2,15.2,17.3,19.8,16,12.9,12.5,14.4,16.6,21.2,23.9,,
St. Lucia,,,,,,,2.02,,,,,3.28,3.33,3.46,3.67,3.96,4.07,4.19,4.09,4.08,5.36,5.99,6.39,6.8,8.19,9.22,12.3,12.3,14.3,16.9,17.2,20.8,22.7,24.5,26.4,28.7,31.2,31.6,32.1,30.5,26,23.9,23.8,23.7,24.1,22.4,21.5,20.5,20.9,18.9,18.4,19.5,19.7,19.3,20.1,
Liechtenstein,,,,,,,25,,,,,33,34.5,35.7,36.7,37.5,38.8,40.4,41.4,42.9,44.2,45.9,47.7,49.6,51.9,54.5,57.4,60,62.4,63.1,61,63.6,63.5,62.1,61.2,60.3,60.5,59.9,58.8,58.2,58,57.6,56.5,55.6,55.3,54.9,54.5,54,50.4,49.5,48.5,46.3,43.5,40.6,40.2,36.9
Sri Lanka,0.231,0.249,,,,,0.297,,,,,0.309,0.311,0.313,0.314,0.321,0.36,0.432,0.454,0.467,0.506,0.542,0.561,0.585,0.613,0.617,0.701,0.718,0.764,0.88,0.999,1.12,1.39,1.85,2.82,3.59,4.09,4.37,4.63,4.88,5.11,6.36,9.57,13.8,17.2,17.1,17.7,17.7,16.8,13.1,13,15.7,11.8,12.3,11.7,
Lesotho,0.0478,0.13,,,,,0.126,,,,,0.165,0.163,0.164,0.205,0.237,0.257,0.324,0.344,0.358,0.363,0.482,0.572,0.645,0.702,0.734,0.725,0.704,0.639,0.802,0.844,0.937,0.826,1.04,1.05,1.07,1.09,1.05,1.41,1.74,1.86,2.4,2.67,2.39,2.07,2.01,1.93,1.93,2.52,2.48,2.43,1.97,1.98,0.509,0.395,
Lithuania,1.46,2.42,,,,,4.57,,,,,7.77,8.53,9.28,9.99,10.7,11.5,12.2,12.9,13.6,14.4,15.3,16.5,17.4,18.6,19.9,21.1,22,22.6,23.4,24.6,25.9,27.5,29.5,31.3,32.7,33.9,33.2,27.2,24.1,24.3,24,24,24.5,24.4,23.6,24.1,23.1,22.2,20.8,19.7,19.2,18.4,17.1,15.2,13.3
Luxembourg,11.6,17.9,,,,,24.1,,,,,30.2,31.1,32.6,33.8,35,36.2,37,38,38.9,40.2,41.3,42.6,43.6,44.7,46.7,48.1,49.6,52.7,54.1,55.4,56.2,59.9,60.9,59.9,58.3,57.1,58.3,56,54.8,54.2,53.4,53.3,52.3,53.7,53.1,53.6,53.8,50.2,49.3,48.9,48.9,47.7,46.5,45.3,43.4
Latvia,,,,,,,,,,,,10.1,11.3,13.2,14.4,15.5,16.3,18.6,18.9,19.2,19.9,20.5,21.1,21.7,22,22.5,23.3,24.3,24.9,26.9,26.2,28.1,29.8,30.2,30.5,30.4,30.8,30.6,30.1,28.4,28.5,32.5,29.5,29.3,27.3,26.2,25.1,24.7,23,20.7,19.8,17.8,18.4,17.5,13.8,11.9
"Macao, China",1.37,,,,,,,,,,,,,,,,,,6.35,6.79,10.2,13.4,16.1,18.1,20.4,23.7,27.1,30.2,33.3,36.3,38.5,39.8,41.1,42.3,42.5,42.7,41.3,40.3,39.2,37.9,36.9,36.1,35.8,35.3,34.1,32.4,31.3,30.2,28.8,27.4,26,24.3,23.2,22.2,19.5,
Morocco,0.638,0.59,,,,,0.569,,,,,0.618,0.676,0.73,0.782,0.789,0.835,0.866,0.912,0.937,0.979,1.07,1.1,1.14,1.2,1.37,1.62,1.97,2.54,3.16,3.79,4.18,4.41,4.69,4.96,5.17,4.95,4.09,3.83,4.09,4.35,4.4,4.11,7.68,9.48,11,11.6,10.9,9.86,8.68,7.28,6.41,5.89,5.75,6.1,5.63
Monaco,16.3,25.8,,,,,31.9,,,,,39.7,47,49.6,51.4,52.7,54.6,56.3,59,63,66.3,72.1,72.3,73.7,75.6,78.5,82.9,87.8,97.5,98.9,100,101,102,99.7,95.7,93.5,93.2,91.3,103,101,101,100,100,101,100,123,120,124,125,127,136,130,122,122,112,113
Moldova,0.682,0.839,,,,,1.44,,,,,3.55,4.05,4.51,4.87,5.24,5.64,5.93,6.25,6.52,6.86,7.34,7.81,8.43,9.14,9.82,10.6,11.3,11.7,12,12.5,13.1,13.7,14.6,15.5,13.1,13.9,15.3,17.2,19,20.7,22.3,24.6,26.1,27.1,27.8,28.4,28.9,29.6,30,29.9,29.5,28.8,28.2,27.3,26.5
Madagascar,,0.165,,,,,0.19,,,,,,0.194,0.189,,0.218,0.219,0.215,0.211,0.207,0.216,0.221,0.227,0.235,0.233,0.246,0.272,0.304,0.297,0.275,0.258,0.275,0.283,0.301,0.319,0.329,0.349,0.359,0.355,0.345,0.33,0.504,0.688,0.689,0.824,0.905,0.672,0.636,0.641,0.635,0.63,0.613,0.597,0.269,0.263,
Maldives,,,,,,,0.225,,,,,,0.334,0.373,0.571,0.522,,0.94,1,1.08,1.15,1.2,1.43,1.67,2,2.36,2.8,3.32,3.61,4.11,4.77,5.46,5.89,6.81,7.44,8.11,8.74,9.51,9.74,9.93,10.1,10.1,9.83,9.86,13.7,8.63,7.76,6.33,5.83,5.43,5.18,4.82,4.45,4.11,3.64,3.14
Mexico,0.896,1.12,,,,,1.67,,,,,2.76,3.02,3.31,3.59,3.87,3.98,4.24,4.39,4.56,4.71,4.88,5.02,5.21,5.43,5.88,6.38,7.05,7.76,8.6,9.42,9.6,9.48,9.78,10.3,11.2,12.5,13.7,14.7,15.8,17.3,18.4,18.5,18.3,18.5,17.3,17.5,17.3,17.6,15.6,15.4,16.6,16.9,16.6,17.2,17.7
Marshall Islands,,,,,,,,,,,,,,,,,,,,1,,,,,,,1.06,1.45,1.73,4.62,5.93,6.31,6.68,6.76,7.44,7.69,7.88,8.14,8.36,8.35,10.1,,,,,,,,,,4.13,,,,,
North Macedonia,,,,,,,,,,,,,,,,,,,,10.7,11.1,11.6,12.1,12.5,13,13.5,14.3,14.5,15.7,16.3,17,17.7,18.5,20.4,21.8,23.3,24.9,26.4,27.3,25.6,26.1,25.9,23.8,22.4,22.1,21.1,19.9,20.4,19.7,19.1,18.5,17.8,17.7,17.6,18.4,18.9
Mali,0.0313,0.0467,,,,,0.048,,,,,0.055,0.0572,0.0591,0.0584,0.0602,0.0694,0.0744,0.0789,0.086,0.0919,0.0925,0.0924,0.106,0.107,0.117,0.132,0.144,0.145,0.152,0.163,0.179,0.216,0.24,0.261,0.317,0.358,0.453,0.487,0.508,0.532,0.594,0.625,0.586,0.574,0.582,0.761,0.675,0.701,0.768,0.912,0.969,1.12,1.16,1.2,
Malta,2.96,4.47,,,,,6.96,,,,,8.86,10.5,11.9,13,14.1,15.4,17.3,19.5,22.6,23.3,24.5,27.9,31.3,32.8,34,35.4,38,40.9,42.5,43.6,45.3,47.5,48.7,49.5,50.6,51.9,52.4,52,52,51.3,49.9,51.3,56.5,58.9,60,59.8,55.6,54.5,54.3,53.5,53.1,53.7,54.9,58.2,58.4
Myanmar,0.0528,0.0726,,,,,0.0759,,,,,0.083,0.0827,0.0827,0.0831,0.0842,,,0.109,0.116,0.115,0.125,0.153,0.166,0.166,0.165,0.17,0.205,0.234,0.274,0.317,0.36,0.402,0.474,0.503,0.539,0.581,0.625,0.718,0.754,0.875,1.03,1.16,0.935,1.01,0.884,0.975,1.03,1.02,1.03,1.01,0.977,0.97,1.04,0.97,
Montenegro,,,,,,,,,,,,,,,,,,,,,,,,,,,,,,,,,,,,,,,,,,27.7,27.2,28.5,28,27.6,27.3,27.3,27.1,27,26.3,24.6,23.6,24.2,27.5,30
Mongolia,,,,,,,,,,,,,,,,,,,2.41,2.47,2.51,2.55,2.58,2.61,2.63,2.66,3.04,3.09,3.09,2.93,3.03,3.38,3.61,3.74,4.39,4.35,4.9,5.14,5.24,5.6,5.85,6.18,7.63,7.07,7.62,7.06,7.1,6.77,6.26,6.1,7.77,8.53,7.37,9.4,11.7,12.3
Northern Mariana Islands,,,,,,,,,,,,,,,,,,,,,,,,,,,,,27.9,29.5,31.7,33.7,39.6,41.2,38.9,36.9,36.5,36.7,37.5,38.7,39.8,41.2,42.6,43.8,45.2,46.3,47.2,,42.3,42,40.5,39.4,,,,
Mozambique,0.131,0.211,,,,,0.266,,,,,0.306,0.284,0.263,0.265,0.27,0.284,0.297,0.299,0.296,0.297,0.3,0.311,0.314,0.32,0.322,0.365,0.397,0.407,0.386,0.385,0.386,0.383,0.4,0.448,0.453,0.484,0.479,0.466,0.401,0.378,0.322,0.334,0.36,0.352,0.36,0.374,0.364,0.355,0.303,0.33,0.33,0.296,0.281,0.214,
Mauritania,,,,,,,0.0523,,,,,0.0999,0.112,0.157,0.177,0.2,0.211,0.211,0.215,0.221,0.218,0.222,0.225,0.229,0.234,0.229,0.289,0.306,0.315,0.341,0.374,0.4,0.43,0.536,0.602,0.645,0.721,0.92,1.13,1.34,1.33,1.36,1.12,1.26,2.32,2.19,2.05,2.01,1.76,1.41,1.31,1.27,1.28,1.33,1.36,1.37
Mauritius,0.916,1.22,,,,,1.36,,,,,1.73,1.71,1.82,2.13,2.36,2.45,2.54,2.96,3.16,3.51,3.9,4.09,4.6,4.81,5.03,5.26,5.99,7.33,9.73,11.6,13.1,16.1,19.3,21.1,21.9,23.7,25.7,26.4,28.8,29.1,29.3,29.1,29.2,29.3,30.2,31.1,29.9,27.9,28.9,29.6,30.2,30.9,32.7,34.3,
Malawi,0.0956,0.0943,,,,,0.128,,,,,0.162,0.172,0.188,0.2,0.217,0.233,0.241,0.25,0.254,0.262,0.273,0.277,0.276,0.273,0.286,0.283,0.298,0.318,0.337,0.339,0.349,0.354,0.358,0.354,0.383,0.417,0.478,0.624,0.708,0.756,0.814,1,1.31,0.811,0.788,1.05,1.16,1.48,0.212,0.116,0.0864,0.0653,0.0981,0.0826,0.0703
Malaysia,0.589,0.829,,,,,0.963,,,,,1.39,1.56,1.78,2.07,2.42,2.87,3.46,4.05,4.72,5.59,6.15,6.5,6.85,7.33,7.92,8.8,9.81,11,12.4,14.3,16.3,17.9,19.6,19.8,19.6,20,19.9,19.3,18.5,17.7,17,16.6,16.3,16.6,16.3,16.3,15.8,15.8,15.4,14.8,14.8,15.8,21.2,20.4,20.3
Namibia,1.73,2.09,,,,,2.32,,,,,2.53,2.57,2.62,2.66,2.7,2.74,3.05,3.44,3.8,3.79,3.76,3.71,3.65,3.65,3.66,3.7,3.86,4.02,4.29,4.38,4.82,5.14,5.88,6.11,6.13,6.14,6.44,6.56,6.78,6.71,7.17,6.91,6.89,7.11,7.14,7.41,7.38,7.8,8.22,8.03,7.88,7.97,8.03,6.32,5.6
New Caledonia,3.07,3.4,,,,,4.46,,,,,6.83,6.93,7.78,8.13,8.52,9.12,9.64,10.4,11,11.7,12,12.8,13.6,14.6,16,16.7,18.1,19.6,21.1,22.1,22.6,23,23.4,23.7,23.8,23.5,22.9,23.1,22.7,22.9,23.4,24.1,24.7,25.5,27,28.5,29.6,30.7,32.2,33.1,28.7,,,,
Niger,0.0224,,,,,,0.0488,,,,,0.0656,0.0712,0.0892,0.092,0.0962,0.098,0.103,0.11,0.114,0.117,0.118,0.117,0.116,0.115,0.117,0.116,0.119,0.12,0.119,0.136,0.145,0.156,0.161,0.172,0.173,0.176,0.184,0.184,0.182,0.183,0.176,0.212,0.284,0.424,0.482,0.506,0.499,0.565,0.543,0.547,0.55,0.774,0.529,,
Nigeria,0.0455,,,,,,,,,,,,,,,,,0.217,0.196,0.23,0.236,0.244,0.251,0.258,0.261,0.269,0.304,0.301,0.32,0.333,0.35,0.375,0.373,0.356,0.377,0.397,0.453,0.479,0.546,0.674,0.759,0.881,1.18,1.08,0.87,0.96,0.663,0.442,0.25,0.21,0.104,0.103,0.0831,0.073,0.0717,
Nicaragua,,,,,,,0.706,,,,,0.782,0.877,0.952,0.986,0.924,0.944,0.982,1.04,1.11,1.15,1.16,1.15,1.17,1.14,1.13,1.11,1.13,1.24,1.5,1.87,2.08,2.35,2.54,2.88,3.01,3.24,3.07,3.29,3.87,4,4.06,4.5,4.45,4.49,4.43,4.44,4.87,5,5.36,5.53,5.69,5.82,5.89,5.04,3.5
Netherlands,9.12,12.3,,,,,16.9,,,,,24.4,26.2,28.3,30.6,32.7,34.6,35.9,37,38,39.1,40.1,41.3,42.5,43.8,45,46.4,47.6,48.8,50,51.1,52.5,54.2,56.6,59.3,60.7,62.1,50.9,49.8,48.4,48.3,46.4,45.3,44.9,44.2,43.6,43.3,42.6,42.8,42.3,41.1,41,39.9,38.5,34.6,32.5
Curaçao,,,,,,,,,,,,,,,,,,,,,,,,,,,,,,,,,,,,,,,,,,,,,,57.2,52.8,44.7,41.3,40.6,38.6,39.1,36.8,38.1,36.1,
Norway,12.7,15.6,,,,,19.2,,,,,22.8,23.7,24.8,26,27.4,29.3,31.7,34.7,37.7,40.1,42.3,44.6,46.5,47.9,49,50.2,51.5,52.8,54.1,55.1,56,56.5,62.8,55.6,54.7,53.4,51.7,51,48.9,47.4,45.5,44,42.1,39.8,36.7,33.7,30.8,27.8,24.3,21,18.2,15.4,13,10.5,
Nepal,,,,,,,,,,,,0.0529,0.0561,0.0613,0.0634,0.0695,0.0759,0.0833,0.0909,0.102,0.113,0.123,0.151,0.173,0.211,0.246,0.303,0.334,0.345,0.355,0.359,0.388,0.51,0.62,0.904,1.08,1.11,1.22,1.33,1.48,1.64,1.88,2.35,2.66,3.02,3.02,3.12,3.13,3.08,3.08,3.11,3.14,3.15,3.12,2.85,
Nauru,,,,,,,,,,,,16.7,20.6,20.3,21.3,21,,15.2,15,14.7,14.4,14.1,13.8,13.5,13,12.9,12.6,12.3,12,13.6,14.3,14.6,15,15.5,16.1,16.7,17.4,18.1,17.8,18,18.2,18.3,18.3,18.3,18.2,19.1,0,0,0,0,0,,,,,
New Zealand,22.6,27.2,,,,,29.8,,,,,32,33.9,34.3,34.9,35.2,36.1,37.1,37.6,38.1,38.8,39.6,40.4,41.4,42.2,43,43.2,43.3,43.8,44.7,45.8,46.8,46.4,47.3,47.8,48,47.4,46.6,44.5,44.7,44.1,41.8,42.1,41.3,40.9,43.3,43,42.5,42.1,40.9,40.5,40.1,37.8,38.1,37.1,
Oman,,0.032,,,,,0.077,,,,,0.42,0.717,0.992,1.08,1.02,1.5,1.42,1.52,1.57,1.63,2.76,3.17,3.51,4.85,5.25,5.78,6.15,6.56,7.13,7.35,7.71,8.84,8.91,9.77,9.77,9.78,10,9.75,9.9,9.93,10.6,10.5,11.1,10.9,10.4,9.34,8.84,8.71,9.33,9.32,10.2,9.43,10.9,12.2,12.8
Pakistan,0.148,0.189,,,,,0.241,,,,,0.311,0.33,0.341,0.355,0.379,0.388,0.405,0.405,0.446,0.494,0.494,0.546,0.594,0.628,0.758,0.783,1.01,1.09,1.31,1.52,1.72,1.87,1.95,1.97,2.07,2.15,2.23,2.44,2.64,2.87,3.26,3.19,2.86,2.57,3.5,3.39,3.12,3.13,3.33,2.51,1.77,1.52,1.41,1.32,1.14
Panama,,,,,,,,,,,,,,,5.87,6.24,6.4,6.75,7.03,7.07,7.24,7.57,7.79,8.31,8.34,8.31,8.74,9.09,9.42,9.94,10.7,11.1,11.6,12.8,14.4,15.6,14.2,12.4,12.3,11.9,13,14.1,14.4,14.3,14.9,15,14.8,15.1,15.1,15,15.1,15.6,16.2,16.1,17.4,17.5
Peru,,0.709,,,,,1.04,,,,,1.55,1.6,1.64,1.68,1.68,1.73,1.79,1.8,1.92,1.99,2.09,2.2,2.19,2.31,2.46,2.56,2.4,2.67,2.88,3.24,4.56,5.8,6.53,6.06,6.47,6.49,5.86,6.11,6.72,7.94,8.62,9.11,10,10.8,12.3,10.9,11.1,11.6,10.8,10.1,9.56,9.94,9.8,8.53,
Philippines,,0.269,,,,,0.494,,,,,0.688,0.716,0.834,0.827,0.844,0.887,0.91,0.961,0.954,0.956,0.94,0.96,0.954,0.971,0.98,0.986,1.02,1.02,1.29,1.63,2.02,2.5,2.85,3.34,3.79,3.93,4.16,4.07,4.02,4.06,3.9,4.13,4.41,4.48,4.44,3.55,3.72,3.59,3.18,3.08,3.16,3.65,3.96,3.87,3.85
Palau,,,,,,,,,,,,,,,,,,,,,,,,,,,,,,,,,,,,,,,35.3,37.2,39,40.3,37.5,39,39.5,39,38.9,39,41.5,41.3,40.4,40.8,,,,
Papua New Guinea,,0.172,,,,,0.377,,,,,0.557,0.553,0.557,0.611,0.656,0.712,0.697,0.67,0.712,0.704,0.735,0.71,0.709,0.704,0.688,0.654,0.717,0.754,0.795,0.79,0.841,0.881,0.993,1.02,1.05,1.11,1.03,1.02,1.01,0.999,0.981,0.925,0.881,0.958,1.28,1.66,1.74,1.82,1.8,1.83,1.85,1.86,1.87,,
Poland,1.81,2.5,,,,,3.28,,,,,4.08,4.58,4.83,5.05,5.26,5.47,5.64,5.82,6.06,6.37,6.7,7.03,7.39,7.83,8.26,8.67,9.36,10.3,11.5,13,14.9,17,19.5,22.9,26.4,28.4,29.6,30.8,32,32.7,30.8,29.9,27.4,24.6,22.1,20,17.9,15.6,21.6,25.5,23.8,21.4,19.5,17.3,18
Puerto Rico,,,,,,,,,,,,8.54,9.54,10.4,11.4,12.4,13.4,14.4,15,15.7,16.9,18.2,19.4,21,22.8,24.1,28.9,30.1,31.6,31.3,32,33.5,34.9,34.7,34.6,35.4,35.4,35.1,34.8,33.2,30.5,28.6,28.6,28,26.3,25.2,24.9,23.2,20,18.9,23.8,24,24.8,24.8,23.1,23.4
North Korea,,,,,,,,,,,,,,,,,,,,2.73,2.69,2.65,2.61,2.57,2.54,2.5,2.46,2.43,2.39,2.35,2.32,2.29,2.26,2.24,2.22,2.2,2.18,3.72,3.92,4.16,4.21,4.18,4.16,4.88,4.85,4.83,4.81,4.78,4.76,4.73,4.71,4.69,4.66,4.64,,
Portugal,1.08,4.62,,,,,6.26,,,,,8.48,8.82,9.16,9.47,9.73,10.1,10.8,11.6,12.6,13.4,14.1,15.2,16.7,18.7,22.1,24,27.2,30.3,32.6,34.6,36.1,37.7,39.3,40.3,41.2,42,42.4,41.9,41,40.5,40.3,40.2,39.8,39.3,40.8,42.3,43,43.3,43.3,44,45.2,46.4,47,49.5,50.2
Paraguay,0.43,0.451,,,,,0.739,,,,,1.07,1.12,1.2,1.33,1.48,1.56,1.67,1.81,1.95,2.04,2.1,2.13,2.2,2.36,2.51,2.66,2.77,2.88,3.12,3.24,3.49,3.61,4.36,5.1,5.14,5.31,5.32,4.94,4.98,5.29,5.5,5.6,6.58,6.09,6.28,5.81,5.82,6.4,6.72,5.64,5.16,5.17,4.29,4.35,
Palestine,,,,,,,,,,,,,,,,,,,,,,,,,,,,,3.19,3.14,3.13,3.05,3.04,3.86,5.57,7.12,8.44,7.71,7.16,7.07,7.74,9.42,8.79,9.29,9.2,9.3,8.89,9.22,9.29,9.3,9.1,8.98,9.32,10,9.66,
French Polynesia,1.06,2.03,,,,,3.62,,,,,5.18,5.9,6.43,6.93,7.4,8.15,8.36,9.65,10.7,11.9,13.4,14.7,15.6,16.6,17.4,19.1,20.2,21,21.3,22,22.3,23,23.1,22.9,22.1,22.3,21.8,21.4,21.2,20.8,20.6,20.6,20.6,20.7,20.5,20.6,20.5,23.3,22.9,22.4,22.2,22,31.4,32.5,
Qatar,1.27,4.07,,,,,7.4,,,,,7.49,8.23,9.38,9.43,10.7,13.7,16.6,18.7,19.5,19,18.7,18.7,18.4,18.8,19.3,19.3,19.8,21.3,22,22.8,23.9,25.6,26.5,27.3,27.2,27,27.2,27.5,27.1,25.3,23.7,22.3,19.5,18.5,17.4,14.5,15.2,18,17.7,17,17.9,17.6,16.9,16.3,16.3
Romania,,1.58,,,,,2.14,,,,,3.96,4.5,5.13,5.83,6.59,7.15,7.48,7.67,7.86,8.27,8.51,8.99,9.32,9.64,9.96,10.1,10.4,11,11.2,12.1,12.9,13.9,15,16,16.8,17.6,18.7,19.3,19.9,20.3,20.5,19.8,21,22.8,22.9,22,23,23,23.4,22.8,21.4,20.8,19.8,18.8,17.5
Russia,,,,,,,,,,,,4.41,4.83,5.69,6.16,6.71,7.03,7.94,8.45,9,9.59,10.2,10.9,11.6,12.3,13.1,14,15.1,15.4,15.8,16.2,16.9,17.5,19.1,19.8,21.1,21.9,22.8,24.4,25,26.7,27.9,30.6,31.6,31.8,31.7,31.3,30.7,29.3,28,26.4,24.5,22.2,22,20.7,
Rwanda,0.0465,0.0185,,,,,0.0319,,,,,0.0527,0.051,0.0537,0.0561,0.0562,0.064,0.0627,0.0733,0.082,0.0831,0.0841,0.0845,0.0968,0.115,0.127,0.142,0.159,0.176,0.176,0.168,0.118,0.171,0.181,0.155,0.169,0.221,0.261,0.298,0.299,0.265,0.267,0.258,0.249,0.176,0.342,0.395,0.378,0.421,0.419,0.448,0.149,0.115,0.103,0.105,0.0902
Saudi Arabia,,,,,,,1.6,,,,,1.86,1.81,1.86,2.28,3.03,3.3,4.97,6.31,6.76,7.17,6.91,6.94,6.95,7.1,7.18,7.6,8.74,9.07,9.09,9.2,9.22,9.44,9.67,11,13.4,14.3,15.2,15.7,15.6,16,16.1,16.1,15.9,15.8,15.7,15.2,16.4,16.5,16.4,,11.8,13.1,14.1,16,15.7
Sudan,0.167,0.227,,,,,0.242,,,,,0.263,0.26,0.253,0.248,0.241,0.239,0.233,0.237,0.246,0.253,0.257,0.252,0.248,0.242,0.24,0.242,0.242,0.237,0.231,0.225,0.257,0.33,0.365,0.512,0.772,1.16,1.3,1.9,2.57,2.75,1.48,1.26,0.849,0.876,0.863,1.58,1.37,1.17,1.12,1.09,0.306,0.342,0.351,0.328,0.322
Senegal,0.296,0.272,,,,,0.259,,,,,0.293,0.295,0.294,0.294,0.318,0.322,0.329,0.329,0.326,0.336,0.342,0.372,0.399,0.408,0.495,0.589,0.625,0.727,0.776,0.852,0.943,1.07,1.27,1.49,1.73,2.1,2.36,2.18,2.17,2.27,2.4,2.48,2.3,1.98,2.26,2.7,2.66,2.54,2.49,2.2,2.06,1.91,1.88,1.91,1.27
Singapore,2.27,3.11,,,,,5.14,,,,,9.31,11.7,14.7,17.7,20.2,22.3,24,25.5,26.9,28.7,29.8,30.5,31.5,32.7,34,35,35.5,36.5,37.7,39,40.5,43,44.9,46.1,47.5,48.3,47.8,47,45.8,44.5,43.2,42.1,40.7,39.3,38.9,38.9,38.3,37,36.1,36.1,36.1,35.3,34.9,34.8,32.8
Solomon Islands,,,,,,,,,,,,,,,,,,,0.609,0.668,0.761,0.825,0.89,0.97,1.08,1.24,1.5,1.51,1.56,1.61,1.72,1.81,1.95,2.03,2.02,2.02,1.86,1.74,1.52,1.4,1.52,1.58,1.58,1.58,1.59,1.59,1.59,1.55,1.45,1.33,1.28,1.23,1.2,1.16,1.14,1.06
Sierra Leone,,0.108,,,,,,,,,,,,,,,0.338,0.332,0.34,0.351,0.395,0.333,0.386,0.313,0.304,0.302,0.307,0.312,0.318,0.334,0.366,0.386,0.399,0.401,0.397,0.409,0.414,0.478,0.483,0.486,0.488,0.492,0.497,0.506,0.514,0.523,0.218,0.244,0.268,0.233,0.235,0.237,0.232,0.227,0.0569,0.044
El Salvador,,0.381,,,,,0.781,,,,,1.16,1.29,1.43,1.45,1.49,1.5,1.56,1.68,1.67,1.77,1.83,1.82,1.94,2.06,2.3,2.37,2.43,3.05,3.16,4.24,5.06,5.72,6.27,6.67,8.47,10.6,11,11.2,12.6,14.7,16.1,17.1,17.7,17.6,17.8,16.2,16.6,17,15.3,15.2,14.9,14.8,14.5,14.4,
San Marino,,,,,,,,,,,,,,,,,,,,31.4,31.9,33.3,35.6,36.9,37.5,40.6,42.5,44.2,54.4,55.9,56.4,62,65,66,72,73.3,73.9,73.7,73.1,72.4,71.7,71.1,70.7,70.1,70,66.3,62.6,59,58.2,57.6,56.5,49.7,47.8,53.5,48.8,47.3
Somalia,0.0453,,,,,,,,,,,,,,,,,0.123,0.121,0.121,0.121,0.12,0.223,0.219,0.214,0.21,0.208,0.206,0.206,0.205,0.203,0.2,0.195,0.189,0.279,0.281,0.282,0.381,0.368,1.02,0.987,0.957,0.929,0.903,0.877,0.853,0.83,0.727,0.551,0.49,0.426,0.37,0.338,,0.498,
Serbia,,,,,,,,,,,,,,,,,,,,,,,,,,,,,,,,,,,,,,,,,29.1,27.5,29.7,32.9,34,34.4,34.6,33.8,33.3,34,32.1,31.2,30.3,29.6,29.2,29.2
South Sudan,,,,,,,,,,,,,,,,,,,,,,,,,,,,,,,,,,,,,,,,,,,,,,,0.0252,0.0224,0.00148,0,0,0,0,0,0,
Sao Tome and Principe,0.547,,,,,,,,,,,0.601,0.585,0.681,0.66,,,0.816,1.23,1.54,1.72,1.79,1.86,1.92,1.98,1.89,1.85,1.82,1.89,1.88,1.9,1.9,1.94,3.17,3.12,3.23,3.24,3.76,4.32,4.63,4.59,4.52,4.7,4.6,4.47,4.37,4.33,4.31,4.26,3.63,3.47,3.23,2.82,2.69,2.51,2.22
Suriname,,,,,,,,,,,,2.92,3.08,3.46,3.71,3.99,4.23,4.49,4.59,5.83,7.08,7.5,7.99,8.14,8.24,8.54,9.05,9.81,10.3,11,11.6,12.3,12.7,14.1,14.6,15.2,16,16.2,16.3,16.4,16.6,16.2,16.1,16,16.1,16,16.1,15.7,16,15.5,15.3,16.4,15.8,15.6,15.3,16
Slovak Republic,1.92,3.63,,,,,5.8,,,,,8.06,8.43,8.8,9.15,9.35,9.41,9.52,9.65,9.86,10.2,10.4,10.9,11.4,12,12.7,13.4,14.3,15.4,16.7,18.7,20.8,23.1,25.8,28.5,30.7,31.4,28.8,26,24,23.2,22.2,21.6,24.3,23.9,22.6,20.3,19.5,18,17.8,16.9,15.9,15.1,13.9,13.3,12.4
Slovenia,,,,,,,,,,,,,,,,,,,,,,14.7,,,,,21,22.8,24.6,26.4,28.9,30.9,33.4,35.7,36.4,38.1,39.5,40.3,40.6,40.9,50,51.1,51.4,50,48.4,46.2,44.6,43,40.6,38.7,37.2,36.4,35.1,35.6,34.8,34
Sweden,27.9,37.8,,,,,44.7,,,,,51.3,53,54.5,55.5,56.4,58,58.8,59.6,60.2,61.5,62.7,64.1,65.1,66.2,67.1,68.3,69.1,68.3,67.6,67.8,68,68.1,70.5,72,68.7,68.2,66.9,65.6,64.6,63.3,62.3,61,60,57.8,55.2,50.4,47.3,43.7,40.8,39,36.4,31.6,26.5,24,19.2
Eswatini,0.357,0.535,,,,,0.58,,,,,0.672,0.689,0.676,0.709,0.809,0.886,0.993,1.1,1.14,1.17,1.19,1.3,1.31,1.52,1.57,1.65,1.7,1.75,1.84,2,2.28,2.39,2.6,2.96,3.15,3.17,3.33,3.44,4.52,4.34,4.28,4.27,4.3,4.3,4.27,4.97,7.07,4.22,4.23,4.05,3.89,3.77,3.65,,
Seychelles,,0.496,,,,,0.84,,,,,2.48,2.8,3.62,3.87,4.38,5.28,5.2,5.92,6.55,8.06,8.45,9.61,9.72,10.3,10.9,12.3,13.1,13.9,14.7,16.1,17.1,20.2,22.8,23.7,24.6,25.5,25.8,25.3,24.7,24.3,24.1,23.1,25.2,24.7,28.7,24.2,30.4,22.6,23.3,22.5,22.5,21.8,20.4,20.9,20.6
Syria,0.85,1.06,,,,,1.26,,,,,1.7,1.76,1.87,2.03,2.21,2.69,3.3,3.49,3.68,4.04,4.13,4.13,4.1,4.08,4.05,3.99,3.92,3.89,4.18,4.92,6.68,8.13,8.65,9.47,9.99,10.2,10.8,12.3,13.8,14.9,15.8,17,17.4,17.6,18.3,19,20.3,20.8,22.6,19.4,19.7,19.8,15.9,16.2,16.7
Turks and Caicos Islands,,,,,,,,,,,,6.45,7.27,7.09,7.31,6.96,8.11,,,9.39,8.71,9.05,,,,,,,23.5,22.3,21.4,22.9,23.9,25.2,13.2,14.8,16.8,17.7,15.6,14.9,13.9,13.1,12.6,12.2,11.9,11.6,11.3,,10.9,11.5,11.6,11.1,,,,
Chad,,0.0453,,,,,0.0522,,,,,0.0587,0.0575,0.0564,,,,0.0119,0.0142,0.024,0.0321,0.0412,0.0436,0.0448,0.0594,0.063,0.0675,0.0669,0.0661,0.0696,0.0698,0.0761,0.0828,0.0996,0.111,0.12,0.123,0.123,0.131,0.133,0.134,0.129,0.191,0.296,0.402,0.504,0.429,0.258,0.219,0.237,0.173,0.121,0.0916,0.0577,0.0584,0.0409
Togo,0.0736,,,,,,0.142,,,,,,0.195,0.23,0.217,0.216,0.213,0.218,0.255,0.262,0.266,0.258,0.251,0.266,0.268,0.268,0.279,0.278,0.389,0.429,0.519,0.514,0.553,0.56,0.678,0.798,0.868,0.956,0.984,1.15,1.21,1.12,1.42,1.68,2.32,2.86,0.935,0.914,0.909,0.899,0.747,0.72,0.45,0.469,0.478,0.54
Thailand,0.136,0.17,,,,,0.258,,,,,0.517,0.546,0.588,0.652,0.715,0.773,0.791,0.882,0.923,1.02,1.2,1.51,1.67,1.83,2.08,2.34,2.71,3.1,3.8,4.67,5.86,6.92,7.93,8.18,8.37,8.88,9.52,10.2,10.3,10.5,10.8,10.7,10.6,11.1,10.8,10.2,9.87,9.4,8.89,8.31,7.73,6.82,5.01,4.22,3.75
Tajikistan,,,,,,,,,,,,2.06,2.29,2.51,2.71,2.9,3.07,3.48,3.62,3.75,3.87,3.97,4.05,4.13,4.32,4.47,4.54,4.77,4.85,4.74,4.72,4.56,4.21,3.8,3.67,3.47,3.52,3.59,3.7,3.75,4.1,4.13,,4.14,3.98,4.72,4.88,4.94,4.99,5.27,5.34,5.41,5.4,5.39,,
Turkmenistan,,,,,,,,,,,,2.38,2.7,3,3.29,3.56,3.82,4.07,4.31,4.53,4.74,4.93,5.11,5.28,5.55,5.86,5.97,6.26,6.38,6.61,7.4,7.61,7.89,8.13,8.02,8.04,8.07,8.49,8.11,8.08,8.25,8.37,8.81,9.41,9.68,9.87,10.2,10.6,10.9,11.2,11.4,11.6,11.7,11.8,,
Timor-Leste,,,,,,,,,,,,,,,,,,,,,,,,,,,,,,,,,,,,,,,,0.208,0.216,0.235,0.246,0.235,0.25,0.271,0.266,0.274,0.265,0.26,0.303,0.227,0.209,0.192,0.174,0.16
Tonga,0.859,0.753,,,,,0.688,,,,,,0.56,0.554,0.558,0.997,,1.81,,2.99,2.74,2.77,2.87,2.97,3.59,4.2,4.61,5.33,5.75,6.19,6.75,6.89,8.08,7.56,8.76,9.34,9.9,11,11.3,12,13,13.6,18.1,20.5,24.7,29.8,29.8,29,29.2,30.5,11.9,13.1,10.9,14.4,14.2,6.35
Trinidad and Tobago,,2.43,,,,,3.71,,,,,4.04,4.12,4.17,4.18,4.1,3.98,4.1,4.18,5.83,7.16,10.1,12,13.3,13.4,13,13.5,14.2,14.6,15.5,16.3,16.7,17.5,19.3,20.9,22.1,25,24.5,24.9,24.8,25,24.9,25,23.5,23.9,23,22.1,21.9,21.3,21.5,21.2,19.8,19.8,18.6,23,24.6
Tunisia,0.627,0.726,,,,,0.908,,,,,1.15,1.23,1.33,1.44,1.61,1.76,1.85,2.06,2.19,2.37,2.58,2.88,2.96,3.16,3.44,3.67,3.94,4.35,4.79,5.29,5.72,6.3,6.96,7.91,8.85,9.84,10.8,11.6,11.7,12,12.4,12.4,12.4,11.9,12.1,12.1,11.3,10.1,9.33,8.58,8.44,8.62,9.74,11.3,12.4
Turkey,0.655,0.786,,,,,1.08,,,,,1.73,1.92,2.07,2.35,2.54,2.61,2.89,3.26,3.55,4.03,4.58,5.54,7.23,9.43,11.1,12.7,14.9,16.9,19.3,21.2,22.4,24,25.8,27.4,28.8,29.1,29.4,29,28.6,28.5,27.9,27.4,26.2,24.9,23.2,22.4,20.7,18.6,17.8,16.2,14.6,13.9,13.9,14.1,13.8
Tuvalu,,,,,,,,,,,,,,,,,,,,,,1.46,1.44,1.41,1.39,1.37,1.35,1.33,1.38,1.63,5.33,5.42,5.41,5.45,6.43,6.74,7.03,6.85,6.88,7.2,7.6,8.9,10.9,12.7,9.7,7.67,11.4,13.6,13.5,13.4,13.7,18,17.8,17.6,,
Tanzania,0.0809,0.0879,,,,,0.111,,,,,0.17,0.176,0.188,0.201,0.213,0.215,0.213,0.213,0.216,0.226,0.241,0.244,0.256,0.279,0.289,0.29,0.293,0.302,0.305,0.307,0.304,0.305,0.337,0.381,0.458,0.518,0.517,0.457,0.405,0.397,0.401,0.384,0.401,0.296,0.401,0.394,0.353,0.375,0.34,0.303,0.277,0.244,0.233,0.221,0.132
Uganda,0.103,0.125,,,,,0.149,,,,,0.187,0.181,0.185,0.193,0.171,0.158,0.16,0.174,0.176,0.149,0.176,0.171,0.167,0.167,0.164,0.161,0.158,0.162,0.108,0.154,0.191,0.228,0.25,0.255,0.249,0.261,0.23,0.218,0.235,0.267,0.316,0.378,0.562,0.554,0.743,1.01,1.39,0.911,0.764,0.879,0.86,0.929,0.637,0.437,
Ukraine,2.81,3.53,,,,,4.46,,,,,5.74,6.12,6.49,6.86,7.24,7.6,7.97,8.54,9.12,9.65,10.2,10.8,11.3,12.1,13,13.7,14.3,14.7,15.2,15.8,16.3,18.3,18.7,19.5,20.4,21.3,22,22.6,23.3,25.7,24.9,26.6,27.8,28.5,28.3,28.3,27.8,26.9,26.2,24.7,21.3,19.8,16.9,14.4,9.96
Uruguay,4.33,5.27,,,,,5.69,,,,,6.61,6.79,7.07,7.09,7.32,7.55,7.72,7.88,8.33,8.68,9.56,10.1,10.2,11.3,12.2,13.4,14.4,15.6,16.7,18.2,19.3,20.6,23.3,25,27.1,28,28.6,28.5,28.2,30,30.3,29.7,29,28.7,28.5,28.6,28.6,29.9,30.9,31.8,32.4,32.5,33.1,33.4,33.7
United States,26.4,29.2,,,,,33,,,,,36.8,37.5,38.3,39.3,40.1,41.1,45.6,46,46.9,47.2,48.2,48.7,50.1,51.4,52.7,54,54.8,55.8,57.1,58.5,60.2,62,64,65.4,68,68.3,67.3,65.9,63.1,60.8,59.4,56.2,52.7,53.6,49.9,48.4,46,44.1,42.1,40.3,38.9,37.6,35.8,33.8,32.6
Uzbekistan,,,,,,,,,,,,2.53,2.74,3.14,3.32,3.55,3.65,4.04,4.3,4.54,4.83,5.15,5.45,5.8,6.17,6.78,6.88,6.98,7.15,7.06,6.97,6.78,6.59,6.52,6.39,6.55,6.68,6.62,6.61,6.67,6.71,6.79,6.87,6.7,6.69,6.62,6.64,6.65,6.72,6.68,8.24,9.11,10.9,10.8,10.7,10.8
St. Vincent and the Grenadines,,,,,,,1.77,,,,,3.31,3.44,3.56,3.6,3.56,3.53,3.67,3.72,3.79,3.8,5.19,5.7,6.61,7.51,8.43,12.2,13.6,14.5,15.3,15.9,16.9,17.9,19,19.5,21.9,23.1,24.2,25.3,19.6,17.5,20.7,20.8,21.1,21,21.3,20,21,17.9,17.6,22,22.8,18.8,18.3,17.4,11.7
Venezuela,1.54,1.84,,,,,2.45,,,,,3.8,4.26,4.42,4.58,4.75,5.27,5.51,5.97,6.21,6.5,7.01,7.44,7.69,7.8,7.64,7.58,7.96,8.91,9.91,10.9,11.2,11.9,12.3,11.1,10.7,10.5,11,11.3,11.6,12.9,13.8,15.7,19.1,23.2,24.5,24.9,25.4,26.1,26.1,26,25.9,25.7,20.2,19.2,19.2
British Virgin Islands,,,,,,,8.14,,,,,14.2,13.2,14.5,15.7,15.9,16,,,,17,18.6,18,22.7,28.3,32.5,37,40.9,41.8,42.7,45.9,48.7,49.3,49.8,50.5,50.9,51.2,50.8,55.4,73,77.7,68.2,64,58.9,54.5,50.2,45.9,44.2,42.8,41.9,40.9,40.3,38,32.3,20.9,
Virgin Islands (U.S.),,,,,,,,,,,,,,,,,,28.7,28.9,28.9,35.5,37,38.9,40.1,43.1,44.7,45.5,49.1,51.7,53.7,55.3,54.3,55.1,57.4,59.7,61.9,62.8,63.9,63.9,64.3,65.6,66.5,67.5,68.5,69.5,70.5,71.5,,,72.2,72.4,72.4,,,,
Vietnam,0.0221,,,,,,,,,,,,,,,,,,0.114,0.117,0.118,0.118,0.122,0.121,0.12,0.12,0.145,0.198,0.215,0.36,0.6,1.03,1.56,1.73,2.23,2.66,3.18,3.78,4.82,5.35,12.2,,10.1,13.1,17.1,20,16.3,11.4,10.6,7.41,7.33,7.9,5.98,4.64,4.5,3.79
Vanuatu,,,,,,,0.586,,,,,1.01,1.04,1.04,1.12,,,,1.31,1.4,1.41,1.21,1.54,1.62,1.65,1.68,1.77,2.02,2.3,2.55,2.69,2.51,2.6,2.74,2.9,3.03,3.59,3.57,3.41,3.29,3.31,3.33,3.5,4.02,4.63,3.14,3.01,2.42,1.94,2.14,2.17,1.77,1.64,1.58,1.42,1.27
Samoa,,,,,,,,,,,,,,,,,,2.22,2.26,2.27,2.29,2.31,2.34,2.36,2.45,2.47,2.52,2.54,3.93,4.25,4.39,4.59,4.82,4.91,4.91,4.9,4.88,5.51,6.68,7.49,9.18,10.8,,,,,4.3,,4.37,4.39,6.13,5.92,4.98,4.33,,
Yemen,,,,,,,,,,,,,,,,,0.214,0.294,0.454,0.562,0.629,0.705,0.749,0.786,0.814,0.829,1.06,1.06,1.11,1.18,1.21,1.25,1.32,1.38,1.52,1.68,1.99,2.36,2.94,3.65,4.08,4.48,4.68,4.8,4.39,4.43,4.52,4.52,4.51,4.55,4.53,4.31,4.29,4.28,,
South Africa,3.8,3.89,,,,,4.15,,,,,4.59,4.76,4.95,5.15,5.42,5.71,6.1,6.42,6.68,6.76,7.03,7.56,7.78,8.17,8.57,9.01,9.11,8.94,9.07,9.31,9.66,10.1,10.8,11.6,12.4,11,10.8,10.7,10.5,10.4,10.2,10.1,9.94,9.79,9.64,9.49,9.33,9.17,7.22,6.69,7.46,8.05,8.44,5.79,3.46
Zambia,0.488,0.479,,,,,0.555,,,,,0.575,0.552,0.558,0.549,0.543,0.558,0.577,0.58,0.578,0.624,0.632,0.66,0.691,0.77,0.841,0.809,0.836,0.898,0.901,0.9,0.844,0.834,0.806,0.788,0.819,0.8,0.801,0.799,0.786,0.794,0.798,0.767,0.734,0.705,0.684,0.87,0.611,0.571,0.776,0.743,0.732,0.62,0.602,0.579,0.542
Zimbabwe,1.46,1.45,,,,,1.42,,,,,1.3,1.3,1.28,1.31,1.3,1.29,1.26,1.24,1.25,1.21,1.18,1.17,1.2,1.18,1.2,1.19,1.18,1.17,1.15,1.2,1.34,1.52,1.82,2.01,2.02,2.1,2.13,2.41,2.51,2.64,2.72,2.76,2.81,2.81,3.07,2.98,2.76,2.3,2.28,2.42,2.42,2.18,1.86,1.86,1.81
